benchmark,spearman_rho,p_value,n
synthetic_xThreat,0.9659376210325924,1.9069419107761558e-53,90
synthetic_rating,0.9039836357801211,3.1593950805863424e-34,90
synthetic_inverse,-0.9567558001307528,5.6971376014874134e-49,90
