{
  "n_samples": 274,
  "n_rows": 274,
  "class_counts": {
    "0": 137,
    "1": 137
  },
  "models": {
    "logistic": {
      "model_name": "logistic",
      "accuracy_mean": 0.9890235690235691,
      "accuracy_std": 0.0089630616199191,
      "roc_auc_mean": 1.0,
      "roc_auc_std": 0.0,
      "recall_class_1_mean": 0.9854497354497355,
      "recall_class_1_std": 0.017825270399918547,
      "n_samples": 274,
      "n_splits": 5,
      "best_params": {
        "classifier__C": 1.0
      }
    },
    "svm": {
      "model_name": "svm",
      "accuracy_mean": 0.9926599326599327,
      "accuracy_std": 0.008990340346547408,
      "roc_auc_mean": 1.0,
      "roc_auc_std": 0.0,
      "recall_class_1_mean": 0.9854497354497355,
      "recall_class_1_std": 0.017825270399918547,
      "n_samples": 274,
      "n_splits": 5,
      "best_params": {
        "classifier__C": 10.0,
        "classifier__gamma": "scale"
      }
    },
    "xgboost": {
      "model_name": "xgboost",
      "accuracy_mean": 0.9927272727272728,
      "accuracy_std": 0.00890723542830247,
      "roc_auc_mean": 1.0,
      "roc_auc_std": 0.0,
      "recall_class_1_mean": 0.9928571428571429,
      "recall_class_1_std": 0.01428571428571428,
      "n_samples": 274,
      "n_splits": 5,
      "best_params": {
        "learning_rate": 0.1,
        "max_depth": 3,
        "subsample": 0.8
      }
    }
  },
  "notes": []
}
