{
  "model_name": "xgboost",
  "metric_weights": {
    "M9": 0.4888108819657749,
    "M7": 0.23058358929354975,
    "M6": 0.1496270293988584,
    "M2": 0.09697235629662213,
    "M5": 0.029837648091267748,
    "M4": 0.0039491004826679044,
    "M3": 0.00021939447125915025,
    "M1": 0.0,
    "M8": 0.0
  },
  "permutation_importance_ranking": [
    "M9",
    "M7",
    "M6",
    "M2",
    "M5",
    "M4",
    "M3",
    "M1",
    "M8"
  ],
  "shap_available": true,
  "notes": []
}
