{
  "caps": [
    {
      "frame_cap": 25,
      "player_match_rows": 549,
      "players": 251,
      "matches": 216,
      "rows_with_360": 549,
      "frame_count_mean": 24.825136612021858,
      "prepared_rows": 274,
      "class_0": 137,
      "class_1": 137,
      "logistic_accuracy_mean": 0.9890235690235691,
      "logistic_accuracy_std": 0.0089630616199191,
      "logistic_roc_auc_mean": 1.0,
      "logistic_recall_class_1_mean": 0.9854497354497355,
      "svm_accuracy_mean": 0.9926599326599327,
      "svm_accuracy_std": 0.008990340346547408,
      "svm_roc_auc_mean": 1.0,
      "svm_recall_class_1_mean": 0.9854497354497355,
      "xgboost_accuracy_mean": 0.9927272727272728,
      "xgboost_accuracy_std": 0.00890723542830247,
      "xgboost_roc_auc_mean": 1.0,
      "xgboost_recall_class_1_mean": 0.9928571428571429
    },
    {
      "frame_cap": 50,
      "player_match_rows": 549,
      "players": 251,
      "matches": 216,
      "rows_with_360": 549,
      "frame_count_mean": 49.642987249544625,
      "prepared_rows": 274,
      "class_0": 137,
      "class_1": 137,
      "logistic_accuracy_mean": 0.9854545454545456,
      "logistic_accuracy_std": 0.013606026860996155,
      "logistic_roc_auc_mean": 0.9994708994708995,
      "logistic_recall_class_1_mean": 0.9783068783068783,
      "svm_accuracy_mean": 0.9926599326599327,
      "svm_accuracy_std": 0.008990340346547408,
      "svm_roc_auc_mean": 1.0,
      "svm_recall_class_1_mean": 0.9925925925925926,
      "xgboost_accuracy_mean": 0.9926599326599327,
      "xgboost_accuracy_std": 0.008990340346547408,
      "xgboost_roc_auc_mean": 1.0,
      "xgboost_recall_class_1_mean": 0.9925925925925926
    },
    {
      "frame_cap": 75,
      "player_match_rows": 549,
      "players": 251,
      "matches": 216,
      "rows_with_360": 549,
      "frame_count_mean": 74.4608378870674,
      "prepared_rows": 274,
      "class_0": 137,
      "class_1": 137,
      "logistic_accuracy_mean": 0.9853872053872055,
      "logistic_accuracy_std": 0.007307560924579412,
      "logistic_roc_auc_mean": 0.9991965510484029,
      "logistic_recall_class_1_mean": 0.978042328042328,
      "svm_accuracy_mean": 0.9853872053872055,
      "svm_accuracy_std": 0.007307560924579412,
      "svm_roc_auc_mean": 0.9997354497354497,
      "svm_recall_class_1_mean": 0.978042328042328,
      "xgboost_accuracy_mean": 0.9927272727272728,
      "xgboost_accuracy_std": 0.00890723542830247,
      "xgboost_roc_auc_mean": 1.0,
      "xgboost_recall_class_1_mean": 0.9928571428571429
    }
  ]
}
