{
  "M1": 0.111841030269575,
  "M2": 0.10912232644778454,
  "M3": 0.11257321492900525,
  "M4": 0.11181469483394518,
  "M5": 0.10918475105764416,
  "M6": 0.10998659061286506,
  "M7": 0.11104040662294835,
  "M8": 0.11213616312582511,
  "M9": 0.11230082210040727
}
