{
  "M1": 0.0,
  "M2": 0.09697235629662213,
  "M3": 0.00021939447125915025,
  "M4": 0.0039491004826679044,
  "M5": 0.029837648091267748,
  "M6": 0.1496270293988584,
  "M7": 0.23058358929354975,
  "M8": 0.0,
  "M9": 0.4888108819657749
}
