{
  "M1": 0.0,
  "M2": 0.0,
  "M3": 0.0,
  "M4": 0.09157509157509072,
  "M5": 0.5677655677655677,
  "M6": 0.34065934065934145,
  "M7": 0.0,
  "M8": 0.0,
  "M9": 0.0
}
