metric,importance_mean,importance_std
M9,0.011870637753742896,0.00418070077895909
M7,0.0055996590122009745,0.0026730571115106848
M6,0.00363365123341679,0.0013645754205880809
M2,0.0023549469870531416,0.00041462148134353805
M5,0.0007245990729394137,0.0004999181248117595
M4,9.59028184772781e-05,9.166524872973638e-05
M3,5.3279343598444665e-06,1.59838030795334e-05
M1,0.0,0.0
M8,0.0,0.0
