metric,importance_mean,importance_std
M5,0.00477069867651585,0.002300180288277434
M6,0.0028624192059095166,0.0012543972836143288
M4,0.0007694675284702912,0.0006492774118106735
M1,0.0,0.0
M2,0.0,0.0
M3,0.0,0.0
M7,0.0,0.0
M8,0.0,0.0
M9,0.0,0.0
