{
  "M1": {
    "high_points": [
      0.55,
      0.748,
      1.0,
      1.0
    ],
    "low_points": [
      0.0,
      0.0,
      0.338,
      0.55
    ],
    "medium_points": [
      0.338,
      0.48400000000000004,
      0.616,
      0.748
    ],
    "percentiles": {
      "p20": 0.338,
      "p40": 0.48400000000000004,
      "p50": 0.55,
      "p60": 0.616,
      "p80": 0.748
    }
  },
  "M2": {
    "high_points": [
      0.595,
      0.78,
      1.0,
      1.0
    ],
    "low_points": [
      0.0,
      0.0,
      0.366,
      0.595
    ],
    "medium_points": [
      0.366,
      0.534,
      0.656,
      0.78
    ],
    "percentiles": {
      "p20": 0.366,
      "p40": 0.534,
      "p50": 0.595,
      "p60": 0.656,
      "p80": 0.78
    }
  },
  "M3": {
    "high_points": [
      0.635,
      0.8,
      1.0,
      1.0
    ],
    "low_points": [
      0.0,
      0.0,
      0.448,
      0.635
    ],
    "medium_points": [
      0.448,
      0.5740000000000001,
      0.69,
      0.8
    ],
    "percentiles": {
      "p20": 0.448,
      "p40": 0.5740000000000001,
      "p50": 0.635,
      "p60": 0.69,
      "p80": 0.8
    }
  },
  "M4": {
    "high_points": [
      0.5800000000000001,
      0.768,
      1.0,
      1.0
    ],
    "low_points": [
      0.0,
      0.0,
      0.394,
      0.5800000000000001
    ],
    "medium_points": [
      0.394,
      0.514,
      0.64,
      0.768
    ],
    "percentiles": {
      "p20": 0.394,
      "p40": 0.514,
      "p50": 0.5800000000000001,
      "p60": 0.64,
      "p80": 0.768
    }
  },
  "M5": {
    "high_points": [
      0.655,
      0.8200000000000001,
      1.0,
      1.0
    ],
    "low_points": [
      0.0,
      0.0,
      0.436,
      0.655
    ],
    "medium_points": [
      0.436,
      0.594,
      0.71,
      0.8200000000000001
    ],
    "percentiles": {
      "p20": 0.436,
      "p40": 0.594,
      "p50": 0.655,
      "p60": 0.71,
      "p80": 0.8200000000000001
    }
  },
  "M6": {
    "high_points": [
      0.54,
      0.73,
      1.0,
      1.0
    ],
    "low_points": [
      0.0,
      0.0,
      0.34400000000000003,
      0.54
    ],
    "medium_points": [
      0.34400000000000003,
      0.47400000000000003,
      0.6,
      0.73
    ],
    "percentiles": {
      "p20": 0.34400000000000003,
      "p40": 0.47400000000000003,
      "p50": 0.54,
      "p60": 0.6,
      "p80": 0.73
    }
  },
  "M7": {
    "high_points": [
      0.615,
      0.808,
      1.0,
      1.0
    ],
    "low_points": [
      0.0,
      0.0,
      0.41200000000000003,
      0.615
    ],
    "medium_points": [
      0.41200000000000003,
      0.554,
      0.6759999999999999,
      0.808
    ],
    "percentiles": {
      "p20": 0.41200000000000003,
      "p40": 0.554,
      "p50": 0.615,
      "p60": 0.6759999999999999,
      "p80": 0.808
    }
  },
  "M8": {
    "high_points": [
      0.595,
      0.788,
      1.0,
      1.0
    ],
    "low_points": [
      0.0,
      0.0,
      0.384,
      0.595
    ],
    "medium_points": [
      0.384,
      0.524,
      0.6659999999999999,
      0.788
    ],
    "percentiles": {
      "p20": 0.384,
      "p40": 0.524,
      "p50": 0.595,
      "p60": 0.6659999999999999,
      "p80": 0.788
    }
  },
  "M9": {
    "high_points": [
      0.625,
      0.8180000000000001,
      1.0,
      1.0
    ],
    "low_points": [
      0.0,
      0.0,
      0.422,
      0.625
    ],
    "medium_points": [
      0.422,
      0.5640000000000001,
      0.692,
      0.8180000000000001
    ],
    "percentiles": {
      "p20": 0.422,
      "p40": 0.5640000000000001,
      "p50": 0.625,
      "p60": 0.692,
      "p80": 0.8180000000000001
    }
  }
}