{
  "normalization": {
    "M1": {
      "source_metric": "M1_SC",
      "low": 0.0,
      "high": 0.041666666666666664
    },
    "M2": {
      "source_metric": "M2_OIRC",
      "low": 0.0,
      "high": 5.042739323997303
    },
    "M3": {
      "source_metric": "M3_BRPC",
      "low": 0.24411302982731553,
      "high": 1.0
    },
    "M4": {
      "source_metric": "M4_OBR90",
      "low": 0.0,
      "high": 555.5805770584101
    },
    "M5": {
      "source_metric": "M5_RBTL",
      "low": 0.42857142857142855,
      "high": 1.0
    },
    "M6": {
      "source_metric": "M6_RUP",
      "low": 0.0,
      "high": 0.26666666666666666
    },
    "M7": {
      "source_metric": "M7_SCI",
      "low": -69.17198606327548,
      "high": 69.55285812644465
    },
    "M8": {
      "source_metric": "M8_LPC",
      "low": 0.0,
      "high": 0.1
    },
    "M9": {
      "source_metric": "M9_CBI",
      "low": 0.0,
      "high": 0.3
    }
  },
  "memberships": {
    "M1": {
      "percentiles": {
        "p20": 0.0,
        "p40": 0.0,
        "p50": 0.0,
        "p60": 0.0,
        "p80": 0.0
      },
      "low_points": [
        0.0,
        0.0,
        0.0,
        0.0
      ],
      "medium_points": [
        0.0,
        0.0,
        0.0,
        0.0
      ],
      "high_points": [
        0.0,
        0.0,
        1.0,
        1.0
      ]
    },
    "M2": {
      "percentiles": {
        "p20": 0.0,
        "p40": 0.2345950073549038,
        "p50": 0.31174083185305757,
        "p60": 0.39537842612488233,
        "p80": 0.6177284849592211
      },
      "low_points": [
        0.0,
        0.0,
        0.0,
        0.31174083185305757
      ],
      "medium_points": [
        0.0,
        0.2345950073549038,
        0.39537842612488233,
        0.6177284849592211
      ],
      "high_points": [
        0.31174083185305757,
        0.6177284849592211,
        1.0,
        1.0
      ]
    },
    "M3": {
      "percentiles": {
        "p20": 0.169914279315049,
        "p40": 0.3846748291434229,
        "p50": 0.5222683742932963,
        "p60": 0.6692627206645898,
        "p80": 0.8530056536287065
      },
      "low_points": [
        0.0,
        0.0,
        0.169914279315049,
        0.5222683742932963
      ],
      "medium_points": [
        0.169914279315049,
        0.3846748291434229,
        0.6692627206645898,
        0.8530056536287065
      ],
      "high_points": [
        0.5222683742932963,
        0.8530056536287065,
        1.0,
        1.0
      ]
    },
    "M4": {
      "percentiles": {
        "p20": 0.0089995946699093,
        "p40": 0.014546589223916348,
        "p50": 0.01713129439871945,
        "p60": 0.021241292297297605,
        "p80": 0.03833137917921324
      },
      "low_points": [
        0.0,
        0.0,
        0.0089995946699093,
        0.01713129439871945
      ],
      "medium_points": [
        0.0089995946699093,
        0.014546589223916348,
        0.021241292297297605,
        0.03833137917921324
      ],
      "high_points": [
        0.01713129439871945,
        0.03833137917921324,
        1.0,
        1.0
      ]
    },
    "M5": {
      "percentiles": {
        "p20": 0.30238636363636373,
        "p40": 0.46570048309178746,
        "p50": 0.5394736842105263,
        "p60": 0.5961538461538463,
        "p80": 0.7254901960784315
      },
      "low_points": [
        0.0,
        0.0,
        0.30238636363636373,
        0.5394736842105263
      ],
      "medium_points": [
        0.30238636363636373,
        0.46570048309178746,
        0.5961538461538463,
        0.7254901960784315
      ],
      "high_points": [
        0.5394736842105263,
        0.7254901960784315,
        1.0,
        1.0
      ]
    },
    "M6": {
      "percentiles": {
        "p20": 0.15824468085106386,
        "p40": 0.3125,
        "p50": 0.375,
        "p60": 0.46875,
        "p80": 0.6538043478260871
      },
      "low_points": [
        0.0,
        0.0,
        0.15824468085106386,
        0.375
      ],
      "medium_points": [
        0.15824468085106386,
        0.3125,
        0.46875,
        0.6538043478260871
      ],
      "high_points": [
        0.375,
        0.6538043478260871,
        1.0,
        1.0
      ]
    },
    "M7": {
      "percentiles": {
        "p20": 0.28508408246377176,
        "p40": 0.4898028393737448,
        "p50": 0.547580294185019,
        "p60": 0.6274191503767649,
        "p80": 0.7788535349409378
      },
      "low_points": [
        0.0,
        0.0,
        0.28508408246377176,
        0.547580294185019
      ],
      "medium_points": [
        0.28508408246377176,
        0.4898028393737448,
        0.6274191503767649,
        0.7788535349409378
      ],
      "high_points": [
        0.547580294185019,
        0.7788535349409378,
        1.0,
        1.0
      ]
    },
    "M8": {
      "percentiles": {
        "p20": 0.0,
        "p40": 0.0,
        "p50": 0.0,
        "p60": 0.0,
        "p80": 0.0
      },
      "low_points": [
        0.0,
        0.0,
        0.0,
        0.0
      ],
      "medium_points": [
        0.0,
        0.0,
        0.0,
        0.0
      ],
      "high_points": [
        0.0,
        0.0,
        1.0,
        1.0
      ]
    },
    "M9": {
      "percentiles": {
        "p20": 0.11615245009074411,
        "p40": 0.22988505747126436,
        "p50": 0.30303030303030304,
        "p60": 0.37037037037037035,
        "p80": 0.6060606060606061
      },
      "low_points": [
        0.0,
        0.0,
        0.11615245009074411,
        0.30303030303030304
      ],
      "medium_points": [
        0.11615245009074411,
        0.22988505747126436,
        0.37037037037037035,
        0.6060606060606061
      ],
      "high_points": [
        0.30303030303030304,
        0.6060606060606061,
        1.0,
        1.0
      ]
    }
  },
  "score_column": "obpi"
}